timestamp,model,command,cost,input_files,output_files
2026-01-30T22:16:08.300,,generate,0.0,https://github.com/jiaminc-pdd/Hello_World/issues/2,
2026-01-31T01:01:43.883,,sync,0.0,,
2026-01-31T01:01:51.518,,sync,0.0,,
2026-01-31T01:01:59.384,,sync,0.0,,
2026-01-31T01:02:30.771,,sync,0.0,,
2026-01-31T01:03:13.542,,sync,0.0,,
2026-01-31T01:05:09.671,,sync,0.0,,
2026-01-31T01:05:15.723,,sync,0.0,,
2026-01-31T01:05:21.832,,sync,0.0,,
2026-01-31T00:50:58.042,anthropic,generate,3.0200530499999996,https://github.com/jiaminc-pdd/Hello_World/issues/5,
